Alayne:donalayne@shaw.ca
Alban:alban@warpmail.net
Alejandro:ramirezs@ualberta.ca
Amy:amy.kaler@ualberta.ca
Andres:andres.marquez@pnl.gov
Anna:akirova@ualberta.ca
Anna:anna.nascimento@gmail.com
Artour:Arthur.Stoutchinin@wanadoo.fr
Barbara:ryder@cs.vt.edu
Barry:jbrtighe@shaw.ca
Bill:billw@mail.utexas.edu
Bill:bill.addison@ualberta.ca
Brett:bllmeadows@netzero.net
Brian:bplumb@planet.eon.net
Bruce:bruce.folliott@mac.com
Bruce:cockburn@ee.ualberta.ca
Carolee:caroleepollock@shaw.ca
Carolina:carolina@ualberta.ca
Carolyn:cleestoner@juno.com
Cathy:ccech@shaw.ca
Chuck:wallace@mtu.edu
Claude:Claude@campbellsci.ca
Darryl:darryl.zoerb@gmail.com
Denilson:denilson@cs.ualberta.ca
Diane:dcox@firstmortgageco.com
Don:Donald.Gross@ualberta.ca
Don:djdickson9@yahoo.com
Dorothy:dkayer@shaw.ca
Duane:duane@cs.ualberta.ca
Duncan:elliott@ee.ualberta.ca
Ed:gatzke@sc.edu
Ellen:ellen.goddard@ualberta.ca
Emily:eandes@rogers.com
Fran:fran@cs.ualberta.ca
Fraser:fraser.forbes@ualberta.ca
George:george.pavlich@ualberta.ca
Gregg:ambrosi.gregg@gmail.com
Guang:ggao@capsl.udel.edu
Guillaume:brat@ptolemy.arc.nasa.gov
Guy:guy.thompson@ualberta.ca
Guy:tremblay@arabica.info.uqam.ca
Howard:hah_727_1@shaw.ca
Irem:irem.tumer@oregonstate.edu
Jacqueline:jchame@isi.edu
James:noheadjoe@gmail.com
Jan:gomerjan@telusplanet.net
Jane:jane_zaiane@alumni.sfu.ca
Janet:jyoneda@shaw.ca
Jayne:jiferns@verizon.net
Jeff:draper@ISI.EDU
Jill:jill.bagwe@ualberta.ca
Jim:jrscot99@hotmail.com
John:jmshaw@ualberta.ca
John:jwe@bevo.che.wisc.edu
Jon:go2jon@bellsouth.net
Joydeep:ghosh@ece.utexas.edu
Juana:jmmeadows@cableone.net
Judy:judycp@shaw.ca
Judy:jgarber@ualberta.ca
Julian:julian_scott50@hotmail.com
Kagan:kagan.tumer@oregonstate.edu
Karyn:kball@ualberta.ca
Keir:keir.pearson@ualberta.ca
Kelly:kelly.lyons@acm.org
Ken:ken@mcrobbiehome.com
Kevin:stoodley@ca.ibm.com
Kris:kris.wells@ualberta.ca
Kurt:kurt@bollacker.com
Kurt:kurt@spaceship.com
Laurie:hendren@cs.mcgill.ca
Lorna:stewart@cs.ualberta.ca
Maria:cutumisu@ualberta.ca
Marie:marie@cs.ualberta.ca
Mark:butala@uiuc.edu
Martin:martin.grosse-rhode@isst.fhg.de
Matthias:matthias_gall@web.de
Michael:michael.phair@ualberta.ca
Michelle:mfairgrievepark@shaw.ca
Mike:mbarnett@microsoft.com
Mike:mikblak@hotmail.com
Missa:mae14@psu.edu
Nikos:nkaburla@rosemail.rose.hp.com
Olenka:olenka.bilash@ualberta.ca
Ondrej:olhotak@uwaterloo.ca
Paolo:cappella@cs.ualberta.ca
Parimala:thulasir@cs.umanitoba.ca
Paul:Paul.Melancon@ualberta.ca
Pedro:psdesouza2000@yahoo.com
Peggy:pgao@UDel.edu
Phil:ptibbo@maildrop.srv.ualberta.ca
Phillip:pconrad@cis.udel.edu
Pierre:pierreb@cs.ualberta.ca
Piet:defraeye@ualberta.ca
Randy:goebel@cs.ualberta.ca
Ray:ray.leblanc@ualberta.ca
Rebecca:bkirk46@aol.com
Rick:rh@us.ibm.com
Roland:roland.nador@ualberta.ca
Sally:sjelinek@useda.com
Sampath:kannan@cis.upenn.edu
Sara:sdorow@ualberta.ca
Scott:esmeadows@gmail.com
Shelly:bebem23@hotmail.com
Sheila:absheilad@yahoo.ca
Shirlee:frazier2@peoplescom.net
Silvia:silvia@tacta.nl
Stephen:smmiller@eastman.com
Steve:steve.cox@cox.net
Steve:Steven.Guccione@cmpware.com
Suzanne:suzanne.kresta@ualberta.ca
Terry:tbowman@tulsarealtors.com
Terry:Terry.Caelli@nicta.com.au
Thomas:tstachel@ualberta.ca
Torsten:suel@photon.poly.edu
Tulsi:tulsi@cs.umanitoba.ca
Victoria:victoria.morisbak@ualberta.ca
Vince:vgaudet@ee.ualberta.ca
Waleed:ammar.w@acm.org
Walter:wfb@ualberta.ca
Warren:warren.hurt@telusplanet.net
Yanaka:yb29@cornell.edu
Zoltan:znk@shaw.ca
Nelson:amaral@cs.ualberta.ca
